国家,指数名称,指数编码,日期,值 ,
"阿富汗"	,"对中国出口"	,"120055809"	,"2005-12-31"	,"151"	,
"阿富汗"	,"对中国出口"	,"120055809"	,"2006-12-31"	,"18.5744"	,
"阿富汗"	,"对中国出口"	,"120055809"	,"2007-12-31"	,"237.6291"	,
"阿富汗"	,"对中国出口"	,"120055809"	,"2008-12-31"	,"269.3017"	,
"阿富汗"	,"对中国出口"	,"120055809"	,"2009-12-31"	,"137.5868"	,
"阿富汗"	,"对中国出口"	,"120055809"	,"2010-12-31"	,"368"	,
"阿富汗"	,"对中国出口"	,"120055809"	,"2011-12-31"	,"440.3087"	,
"阿富汗"	,"对中国出口"	,"120055809"	,"2012-12-31"	,"518.7"	,
"阿富汗"	,"对中国出口"	,"120055809"	,"2013-12-31"	,"959.5"	,
"阿富汗"	,"对中国出口"	,"120055809"	,"2014-12-31"	,"1737.1806"	,
"阿富汗"	,"对中国出口"	,"120055809"	,"2015-12-31"	,"1177.1"	,
"阿富汗"	,"对中国出口"	,"120055809"	,"2016-12-31"	,"453.4"	,
"阿富汗"	,"对中国出口"	,"120055809"	,"2017-12-31"	,"342.8"	,
"阿富汗"	,"对中国出口"	,"120055809"	,"2018-12-31"	,"2407.9"	,
"阿富汗"	,"对中国出口"	,"120055809"	,"2019-12-31"	,"2927.9265"	,
"阿富汗"	,"对中国出口"	,"120055809"	,"2020-12-31"	,"5451.23"	,
"阿富汗"	,"对中国出口"	,"120055809"	,"2021-12-31"	,"4953"	,
"阿富汗"	,"对中国出口"	,"120055809"	,"2022-12-31"	,"4202"	,
"阿富汗"	,"对中国出口"	,"120055809"	,"2023-12-31"	,"6396.1259"	,
"阿联酋"	,"对中国出口"	,"120055772"	,"2005-12-31"	,"204560"	,
"阿联酋"	,"对中国出口"	,"120055772"	,"2006-12-31"	,"279674.5203"	,
"阿联酋"	,"对中国出口"	,"120055772"	,"2007-12-31"	,"301202.6771"	,
"阿联酋"	,"对中国出口"	,"120055772"	,"2008-12-31"	,"461325.0116"	,
"阿联酋"	,"对中国出口"	,"120055772"	,"2009-12-31"	,"259508.4735"	,
"阿联酋"	,"对中国出口"	,"120055772"	,"2010-12-31"	,"445154.9"	,
"阿联酋"	,"对中国出口"	,"120055772"	,"2011-12-31"	,"830637.4606"	,
"阿联酋"	,"对中国出口"	,"120055772"	,"2012-12-31"	,"1085196.9"	,
"阿联酋"	,"对中国出口"	,"120055772"	,"2013-12-31"	,"1282352.6"	,
"阿联酋"	,"对中国出口"	,"120055772"	,"2014-12-31"	,"1576335.6629"	,
"阿联酋"	,"对中国出口"	,"120055772"	,"2015-12-31"	,"1151403.2"	,
"阿联酋"	,"对中国出口"	,"120055772"	,"2016-12-31"	,"999436.3"	,
"阿联酋"	,"对中国出口"	,"120055772"	,"2017-12-31"	,"1231115.8"	,
"阿联酋"	,"对中国出口"	,"120055772"	,"2018-12-31"	,"1623776.7"	,
"阿联酋"	,"对中国出口"	,"120055772"	,"2019-12-31"	,"1533673.8558"	,
"阿联酋"	,"对中国出口"	,"120055772"	,"2020-12-31"	,"1705481.9809"	,
"阿联酋"	,"对中国出口"	,"120055772"	,"2021-12-31"	,"2857327"	,
"阿联酋"	,"对中国出口"	,"120055772"	,"2022-12-31"	,"4541667"	,
"阿联酋"	,"对中国出口"	,"120055772"	,"2023-12-31"	,"3929112.3569"	,
"阿曼"	,"对中国出口"	,"120055784"	,"2005-12-31"	,"413891"	,
"阿曼"	,"对中国出口"	,"120055784"	,"2006-12-31"	,"612947.424"	,
"阿曼"	,"对中国出口"	,"120055784"	,"2007-12-31"	,"672273.0685"	,
"阿曼"	,"对中国出口"	,"120055784"	,"2008-12-31"	,"1162684.7464"	,
"阿曼"	,"对中国出口"	,"120055784"	,"2009-12-31"	,"541123.0438"	,
"阿曼"	,"对中国出口"	,"120055784"	,"2010-12-31"	,"977922.6"	,
"阿曼"	,"对中国出口"	,"120055784"	,"2011-12-31"	,"1487648.7883"	,
"阿曼"	,"对中国出口"	,"120055784"	,"2012-12-31"	,"1697544.1"	,
"阿曼"	,"对中国出口"	,"120055784"	,"2013-12-31"	,"2104061.3"	,
"阿曼"	,"对中国出口"	,"120055784"	,"2014-12-31"	,"2379585.5636"	,
"阿曼"	,"对中国出口"	,"120055784"	,"2015-12-31"	,"1504742"	,
"阿曼"	,"对中国出口"	,"120055784"	,"2016-12-31"	,"1204102.4"	,
"阿曼"	,"对中国出口"	,"120055784"	,"2017-12-31"	,"1338327.8"	,
"阿曼"	,"对中国出口"	,"120055784"	,"2018-12-31"	,"1889851.1"	,
"阿曼"	,"对中国出口"	,"120055784"	,"2019-12-31"	,"1965015.5145"	,
"阿曼"	,"对中国出口"	,"120055784"	,"2020-12-31"	,"1565946.4292"	,
"阿曼"	,"对中国出口"	,"120055784"	,"2021-12-31"	,"2859170"	,
"阿曼"	,"对中国出口"	,"120055784"	,"2022-12-31"	,"3624179"	,
"阿曼"	,"对中国出口"	,"120055784"	,"2023-12-31"	,"3127698.4428"	,
"阿塞拜疆"	,"对中国出口"	,"120055687"	,"2005-12-31"	,"2440"	,
"阿塞拜疆"	,"对中国出口"	,"120055687"	,"2006-12-31"	,"2201.8798"	,
"阿塞拜疆"	,"对中国出口"	,"120055687"	,"2007-12-31"	,"144.2213"	,
"阿塞拜疆"	,"对中国出口"	,"120055687"	,"2008-12-31"	,"11486.3737"	,
"阿塞拜疆"	,"对中国出口"	,"120055687"	,"2009-12-31"	,"12831.6641"	,
"阿塞拜疆"	,"对中国出口"	,"120055687"	,"2010-12-31"	,"8654.7"	,
"阿塞拜疆"	,"对中国出口"	,"120055687"	,"2011-12-31"	,"19372.0359"	,
"阿塞拜疆"	,"对中国出口"	,"120055687"	,"2012-12-31"	,"21389.7"	,
"阿塞拜疆"	,"对中国出口"	,"120055687"	,"2013-12-31"	,"23358.3"	,
"阿塞拜疆"	,"对中国出口"	,"120055687"	,"2014-12-31"	,"29706.2697"	,
"阿塞拜疆"	,"对中国出口"	,"120055687"	,"2015-12-31"	,"22290.4"	,
"阿塞拜疆"	,"对中国出口"	,"120055687"	,"2016-12-31"	,"41208.2"	,
"阿塞拜疆"	,"对中国出口"	,"120055687"	,"2017-12-31"	,"57745.4"	,
"阿塞拜疆"	,"对中国出口"	,"120055687"	,"2018-12-31"	,"38201.8"	,
"阿塞拜疆"	,"对中国出口"	,"120055687"	,"2019-12-31"	,"86923.2294"	,
"阿塞拜疆"	,"对中国出口"	,"120055687"	,"2020-12-31"	,"69877.9881"	,
"阿塞拜疆"	,"对中国出口"	,"120055687"	,"2021-12-31"	,"20503"	,
"阿塞拜疆"	,"对中国出口"	,"120055687"	,"2022-12-31"	,"24587"	,
"阿塞拜疆"	,"对中国出口"	,"120055687"	,"2023-12-31"	,"17107.3332"	,
"巴基斯坦"	,"对中国出口"	,"120055783"	,"2005-12-31"	,"83317"	,
"巴基斯坦"	,"对中国出口"	,"120055783"	,"2006-12-31"	,"100721.3772"	,
"巴基斯坦"	,"对中国出口"	,"120055783"	,"2007-12-31"	,"110421.6499"	,
"巴基斯坦"	,"对中国出口"	,"120055783"	,"2008-12-31"	,"100679.9565"	,
"巴基斯坦"	,"对中国出口"	,"120055783"	,"2009-12-31"	,"126000.6898"	,
"巴基斯坦"	,"对中国出口"	,"120055783"	,"2010-12-31"	,"173102.3"	,
"巴基斯坦"	,"对中国出口"	,"120055783"	,"2011-12-31"	,"211862.0157"	,
"巴基斯坦"	,"对中国出口"	,"120055783"	,"2012-12-31"	,"313825.4"	,
"巴基斯坦"	,"对中国出口"	,"120055783"	,"2013-12-31"	,"319684"	,
"巴基斯坦"	,"对中国出口"	,"120055783"	,"2014-12-31"	,"275386.9881"	,
"巴基斯坦"	,"对中国出口"	,"120055783"	,"2015-12-31"	,"247476.4"	,
"巴基斯坦"	,"对中国出口"	,"120055783"	,"2016-12-31"	,"191259.3"	,
"巴基斯坦"	,"对中国出口"	,"120055783"	,"2017-12-31"	,"183321.9"	,
"巴基斯坦"	,"对中国出口"	,"120055783"	,"2018-12-31"	,"217208.6"	,
"巴基斯坦"	,"对中国出口"	,"120055783"	,"2019-12-31"	,"180612.5989"	,
"巴基斯坦"	,"对中国出口"	,"120055783"	,"2020-12-31"	,"212487.3682"	,
"巴基斯坦"	,"对中国出口"	,"120055783"	,"2021-12-31"	,"358448"	,
"巴基斯坦"	,"对中国出口"	,"120055783"	,"2022-12-31"	,"341602"	,
"巴基斯坦"	,"对中国出口"	,"120055783"	,"2023-12-31"	,"345992.4333"	,
"巴勒斯坦"	,"对中国出口"	,"120055782"	,"2005-12-31"	,"23"	,
"巴勒斯坦"	,"对中国出口"	,"120055782"	,"2006-12-31"	,"20.8406"	,
"巴勒斯坦"	,"对中国出口"	,"120055782"	,"2007-12-31"	,"15.2455"	,
"巴勒斯坦"	,"对中国出口"	,"120055782"	,"2008-12-31"	,"24.9488"	,
"巴勒斯坦"	,"对中国出口"	,"120055782"	,"2009-12-31"	,"74.6903"	,
"巴勒斯坦"	,"对中国出口"	,"120055782"	,"2010-12-31"	,"36.3"	,
"巴勒斯坦"	,"对中国出口"	,"120055782"	,"2011-12-31"	,"104.0844"	,
"巴勒斯坦"	,"对中国出口"	,"120055782"	,"2012-12-31"	,"33.8"	,
"巴勒斯坦"	,"对中国出口"	,"120055782"	,"2013-12-31"	,"18.6"	,
"巴勒斯坦"	,"对中国出口"	,"120055782"	,"2014-12-31"	,"8.6494"	,
"巴勒斯坦"	,"对中国出口"	,"120055782"	,"2015-12-31"	,"44.3"	,
"巴勒斯坦"	,"对中国出口"	,"120055782"	,"2016-12-31"	,"30.9"	,
"巴勒斯坦"	,"对中国出口"	,"120055782"	,"2017-12-31"	,"11.8"	,
"巴勒斯坦"	,"对中国出口"	,"120055782"	,"2018-12-31"	,"44.4"	,
"巴勒斯坦"	,"对中国出口"	,"120055782"	,"2019-12-31"	,"13.9926"	,
"巴勒斯坦"	,"对中国出口"	,"120055782"	,"2020-12-31"	,"0.8637"	,
"巴勒斯坦"	,"对中国出口"	,"120055782"	,"2021-12-31"	,"34"	,
"巴勒斯坦"	,"对中国出口"	,"120055782"	,"2022-12-31"	,"2"	,
"巴勒斯坦"	,"对中国出口"	,"120055782"	,"2023-12-31"	,"5.0903"	,
"巴林"	,"对中国出口"	,"120055808"	,"2005-12-31"	,"6894"	,
"巴林"	,"对中国出口"	,"120055808"	,"2006-12-31"	,"6481.5227"	,
"巴林"	,"对中国出口"	,"120055808"	,"2007-12-31"	,"10244.6323"	,
"巴林"	,"对中国出口"	,"120055808"	,"2008-12-31"	,"13131.6949"	,
"巴林"	,"对中国出口"	,"120055808"	,"2009-12-31"	,"21123.3159"	,
"巴林"	,"对中国出口"	,"120055808"	,"2010-12-31"	,"25191.2"	,
"巴林"	,"对中国出口"	,"120055808"	,"2011-12-31"	,"32583.6051"	,
"巴林"	,"对中国出口"	,"120055808"	,"2012-12-31"	,"34802.6"	,
"巴林"	,"对中国出口"	,"120055808"	,"2013-12-31"	,"30518.1"	,
"巴林"	,"对中国出口"	,"120055808"	,"2014-12-31"	,"18396.4392"	,
"巴林"	,"对中国出口"	,"120055808"	,"2015-12-31"	,"11154.3"	,
"巴林"	,"对中国出口"	,"120055808"	,"2016-12-31"	,"6372.3"	,
"巴林"	,"对中国出口"	,"120055808"	,"2017-12-31"	,"12394.6"	,
"巴林"	,"对中国出口"	,"120055808"	,"2018-12-31"	,"15012.5"	,
"巴林"	,"对中国出口"	,"120055808"	,"2019-12-31"	,"19533.0151"	,
"巴林"	,"对中国出口"	,"120055808"	,"2020-12-31"	,"14630.902"	,
"巴林"	,"对中国出口"	,"120055808"	,"2021-12-31"	,"39969"	,
"巴林"	,"对中国出口"	,"120055808"	,"2022-12-31"	,"25125"	,
"巴林"	,"对中国出口"	,"120055808"	,"2023-12-31"	,"19147.4512"	,
"东帝汶"	,"对中国出口"	,"120176373"	,"2005-12-31"	,"0"	,
"东帝汶"	,"对中国出口"	,"120176373"	,"2006-12-31"	,"1096.4132"	,
"东帝汶"	,"对中国出口"	,"120176373"	,"2007-12-31"	,"4.948"	,
"东帝汶"	,"对中国出口"	,"120176373"	,"2008-12-31"	,"10.6162"	,
"东帝汶"	,"对中国出口"	,"120176373"	,"2009-12-31"	,"2.2765"	,
"东帝汶"	,"对中国出口"	,"120176373"	,"2010-12-31"	,"25"	,
"东帝汶"	,"对中国出口"	,"120176373"	,"2011-12-31"	,"174.2791"	,
"东帝汶"	,"对中国出口"	,"120176373"	,"2012-12-31"	,"68.8"	,
"东帝汶"	,"对中国出口"	,"120176373"	,"2013-12-31"	,"39.7"	,
"东帝汶"	,"对中国出口"	,"120176373"	,"2014-12-31"	,"9.985"	,
"东帝汶"	,"对中国出口"	,"120176373"	,"2015-12-31"	,"72.5"	,
"东帝汶"	,"对中国出口"	,"120176373"	,"2016-12-31"	,"29.2"	,
"东帝汶"	,"对中国出口"	,"120176373"	,"2017-12-31"	,"157.3"	,
"东帝汶"	,"对中国出口"	,"120176373"	,"2018-12-31"	,"301.4"	,
"东帝汶"	,"对中国出口"	,"120176373"	,"2019-12-31"	,"2456.4329"	,
"东帝汶"	,"对中国出口"	,"120176373"	,"2020-12-31"	,"121.0615"	,
"东帝汶"	,"对中国出口"	,"120176373"	,"2021-12-31"	,"11315"	,
"东帝汶"	,"对中国出口"	,"120176373"	,"2022-12-31"	,"14536"	,
"东帝汶"	,"对中国出口"	,"120176373"	,"2023-12-31"	,"7460.3408"	,
"菲律宾"	,"对中国出口"	,"120055781"	,"2005-12-31"	,"1286969"	,
"菲律宾"	,"对中国出口"	,"120055781"	,"2006-12-31"	,"1767456.1008"	,
"菲律宾"	,"对中国出口"	,"120055781"	,"2007-12-31"	,"2311783.9305"	,
"菲律宾"	,"对中国出口"	,"120055781"	,"2008-12-31"	,"1950474.3994"	,
"菲律宾"	,"对中国出口"	,"120055781"	,"2009-12-31"	,"1194840.9884"	,
"菲律宾"	,"对中国出口"	,"120055781"	,"2010-12-31"	,"1622197"	,
"菲律宾"	,"对中国出口"	,"120055781"	,"2011-12-31"	,"1799165.5358"	,
"菲律宾"	,"对中国出口"	,"120055781"	,"2012-12-31"	,"1964413.1"	,
"菲律宾"	,"对中国出口"	,"120055781"	,"2013-12-31"	,"1818181"	,
"菲律宾"	,"对中国出口"	,"120055781"	,"2014-12-31"	,"2098413.2158"	,
"菲律宾"	,"对中国出口"	,"120055781"	,"2015-12-31"	,"1896565.4"	,
"菲律宾"	,"对中国出口"	,"120055781"	,"2016-12-31"	,"1739589.1"	,
"菲律宾"	,"对中国出口"	,"120055781"	,"2017-12-31"	,"1923917.7"	,
"菲律宾"	,"对中国出口"	,"120055781"	,"2018-12-31"	,"2061160"	,
"菲律宾"	,"对中国出口"	,"120055781"	,"2019-12-31"	,"2019939.3176"	,
"菲律宾"	,"对中国出口"	,"120055781"	,"2020-12-31"	,"1933547.0519"	,
"菲律宾"	,"对中国出口"	,"120055781"	,"2021-12-31"	,"2476131"	,
"菲律宾"	,"对中国出口"	,"120055781"	,"2022-12-31"	,"2301822"	,
"菲律宾"	,"对中国出口"	,"120055781"	,"2023-12-31"	,"1949623.0219"	,
"格鲁吉亚"	,"对中国出口"	,"120055689"	,"2005-12-31"	,"266"	,
"格鲁吉亚"	,"对中国出口"	,"120055689"	,"2006-12-31"	,"695.1207"	,
"格鲁吉亚"	,"对中国出口"	,"120055689"	,"2007-12-31"	,"1558.6433"	,
"格鲁吉亚"	,"对中国出口"	,"120055689"	,"2008-12-31"	,"352.6532"	,
"格鲁吉亚"	,"对中国出口"	,"120055689"	,"2009-12-31"	,"1787.068"	,
"格鲁吉亚"	,"对中国出口"	,"120055689"	,"2010-12-31"	,"4525.1"	,
"格鲁吉亚"	,"对中国出口"	,"120055689"	,"2011-12-31"	,"3810.5242"	,
"格鲁吉亚"	,"对中国出口"	,"120055689"	,"2012-12-31"	,"3358.2"	,
"格鲁吉亚"	,"对中国出口"	,"120055689"	,"2013-12-31"	,"5445.6"	,
"格鲁吉亚"	,"对中国出口"	,"120055689"	,"2014-12-31"	,"5311.0774"	,
"格鲁吉亚"	,"对中国出口"	,"120055689"	,"2015-12-31"	,"4378.5"	,
"格鲁吉亚"	,"对中国出口"	,"120055689"	,"2016-12-31"	,"5356.4"	,
"格鲁吉亚"	,"对中国出口"	,"120055689"	,"2017-12-31"	,"6759.1"	,
"格鲁吉亚"	,"对中国出口"	,"120055689"	,"2018-12-31"	,"5388.7"	,
"格鲁吉亚"	,"对中国出口"	,"120055689"	,"2019-12-31"	,"8104.5263"	,
"格鲁吉亚"	,"对中国出口"	,"120055689"	,"2020-12-31"	,"10086.5861"	,
"格鲁吉亚"	,"对中国出口"	,"120055689"	,"2021-12-31"	,"17977"	,
"格鲁吉亚"	,"对中国出口"	,"120055689"	,"2022-12-31"	,"14890"	,
"格鲁吉亚"	,"对中国出口"	,"120055689"	,"2023-12-31"	,"11504.631"	,
"哈萨克斯坦"	,"对中国出口"	,"120055768"	,"2005-12-31"	,"290936"	,
"哈萨克斯坦"	,"对中国出口"	,"120055768"	,"2006-12-31"	,"360727.2782"	,
"哈萨克斯坦"	,"对中国出口"	,"120055768"	,"2007-12-31"	,"643190.944"	,
"哈萨克斯坦"	,"对中国出口"	,"120055768"	,"2008-12-31"	,"772782.7943"	,
"哈萨克斯坦"	,"对中国出口"	,"120055768"	,"2009-12-31"	,"629568.4949"	,
"哈萨克斯坦"	,"对中国出口"	,"120055768"	,"2010-12-31"	,"1112844.8"	,
"哈萨克斯坦"	,"对中国出口"	,"120055768"	,"2011-12-31"	,"1539470.3569"	,
"哈萨克斯坦"	,"对中国出口"	,"120055768"	,"2012-12-31"	,"1468084.3"	,
"哈萨克斯坦"	,"对中国出口"	,"120055768"	,"2013-12-31"	,"1605083.8"	,
"哈萨克斯坦"	,"对中国出口"	,"120055768"	,"2014-12-31"	,"974182.244"	,
"哈萨克斯坦"	,"对中国出口"	,"120055768"	,"2015-12-31"	,"584894.7"	,
"哈萨克斯坦"	,"对中国出口"	,"120055768"	,"2016-12-31"	,"480507.9"	,
"哈萨克斯坦"	,"对中国出口"	,"120055768"	,"2017-12-31"	,"637869.1"	,
"哈萨克斯坦"	,"对中国出口"	,"120055768"	,"2018-12-31"	,"852660.9"	,
"哈萨克斯坦"	,"对中国出口"	,"120055768"	,"2019-12-31"	,"927366.9859"	,
"哈萨克斯坦"	,"对中国出口"	,"120055768"	,"2020-12-31"	,"980510.065"	,
"哈萨克斯坦"	,"对中国出口"	,"120055768"	,"2021-12-31"	,"1129056"	,
"哈萨克斯坦"	,"对中国出口"	,"120055768"	,"2022-12-31"	,"1484088"	,
"哈萨克斯坦"	,"对中国出口"	,"120055768"	,"2023-12-31"	,"1632376.8834"	,
"韩国"	,"对中国出口"	,"120055777"	,"2005-12-31"	,"7682040"	,
"韩国"	,"对中国出口"	,"120055777"	,"2006-12-31"	,"8972414.2142"	,
"韩国"	,"对中国出口"	,"120055777"	,"2007-12-31"	,"10375195.4068"	,
"韩国"	,"对中国出口"	,"120055777"	,"2008-12-31"	,"11213792.1096"	,
"韩国"	,"对中国出口"	,"120055777"	,"2009-12-31"	,"10254507.2344"	,
"韩国"	,"对中国出口"	,"120055777"	,"2010-12-31"	,"13834885.2"	,
"韩国"	,"对中国出口"	,"120055777"	,"2011-12-31"	,"16270628.9525"	,
"韩国"	,"对中国出口"	,"120055777"	,"2012-12-31"	,"16873761.5"	,
"韩国"	,"对中国出口"	,"120055777"	,"2013-12-31"	,"18307275.7"	,
"韩国"	,"对中国出口"	,"120055777"	,"2014-12-31"	,"19010877.3465"	,
"韩国"	,"对中国出口"	,"120055777"	,"2015-12-31"	,"17450608.3"	,
"韩国"	,"对中国出口"	,"120055777"	,"2016-12-31"	,"15897453.1"	,
"韩国"	,"对中国出口"	,"120055777"	,"2017-12-31"	,"17755315.4"	,
"韩国"	,"对中国出口"	,"120055777"	,"2018-12-31"	,"20464340.1"	,
"韩国"	,"对中国出口"	,"120055777"	,"2019-12-31"	,"17355902.5773"	,
"韩国"	,"对中国出口"	,"120055777"	,"2020-12-31"	,"17310391.1776"	,
"韩国"	,"对中国出口"	,"120055777"	,"2021-12-31"	,"21344326"	,
"韩国"	,"对中国出口"	,"120055777"	,"2022-12-31"	,"19901610"	,
"韩国"	,"对中国出口"	,"120055777"	,"2023-12-31"	,"16175022.6614"	,
"吉尔吉斯斯坦"	,"对中国出口"	,"120055767"	,"2005-12-31"	,"10505"	,
"吉尔吉斯斯坦"	,"对中国出口"	,"120055767"	,"2006-12-31"	,"11291.5589"	,
"吉尔吉斯斯坦"	,"对中国出口"	,"120055767"	,"2007-12-31"	,"11369.2682"	,
"吉尔吉斯斯坦"	,"对中国出口"	,"120055767"	,"2008-12-31"	,"12132.7867"	,
"吉尔吉斯斯坦"	,"对中国出口"	,"120055767"	,"2009-12-31"	,"4920.8607"	,
"吉尔吉斯斯坦"	,"对中国出口"	,"120055767"	,"2010-12-31"	,"7212.2"	,
"吉尔吉斯斯坦"	,"对中国出口"	,"120055767"	,"2011-12-31"	,"9816.3343"	,
"吉尔吉斯斯坦"	,"对中国出口"	,"120055767"	,"2012-12-31"	,"8894.9"	,
"吉尔吉斯斯坦"	,"对中国出口"	,"120055767"	,"2013-12-31"	,"6235"	,
"吉尔吉斯斯坦"	,"对中国出口"	,"120055767"	,"2014-12-31"	,"5542.4061"	,
"吉尔吉斯斯坦"	,"对中国出口"	,"120055767"	,"2015-12-31"	,"5857.1"	,
"吉尔吉斯斯坦"	,"对中国出口"	,"120055767"	,"2016-12-31"	,"7123.5"	,
"吉尔吉斯斯坦"	,"对中国出口"	,"120055767"	,"2017-12-31"	,"8705.5"	,
"吉尔吉斯斯坦"	,"对中国出口"	,"120055767"	,"2018-12-31"	,"5432.7"	,
"吉尔吉斯斯坦"	,"对中国出口"	,"120055767"	,"2019-12-31"	,"6604.1403"	,
"吉尔吉斯斯坦"	,"对中国出口"	,"120055767"	,"2020-12-31"	,"3480.1089"	,
"吉尔吉斯斯坦"	,"对中国出口"	,"120055767"	,"2021-12-31"	,"7974"	,
"吉尔吉斯斯坦"	,"对中国出口"	,"120055767"	,"2022-12-31"	,"8166"	,
"吉尔吉斯斯坦"	,"对中国出口"	,"120055767"	,"2023-12-31"	,"8318.2199"	,
"柬埔寨"	,"对中国出口"	,"120055803"	,"2005-12-31"	,"2731"	,
"柬埔寨"	,"对中国出口"	,"120055803"	,"2006-12-31"	,"3509.1355"	,
"柬埔寨"	,"对中国出口"	,"120055803"	,"2007-12-31"	,"5106.5879"	,
"柬埔寨"	,"对中国出口"	,"120055803"	,"2008-12-31"	,"3882.8183"	,
"柬埔寨"	,"对中国出口"	,"120055803"	,"2009-12-31"	,"3689.1518"	,
"柬埔寨"	,"对中国出口"	,"120055803"	,"2010-12-31"	,"9362.7"	,
"柬埔寨"	,"对中国出口"	,"120055803"	,"2011-12-31"	,"18429.7983"	,
"柬埔寨"	,"对中国出口"	,"120055803"	,"2012-12-31"	,"21532.3"	,
"柬埔寨"	,"对中国出口"	,"120055803"	,"2013-12-31"	,"36363.5"	,
"柬埔寨"	,"对中国出口"	,"120055803"	,"2014-12-31"	,"48291.4653"	,
"柬埔寨"	,"对中国出口"	,"120055803"	,"2015-12-31"	,"66659.5"	,
"柬埔寨"	,"对中国出口"	,"120055803"	,"2016-12-31"	,"83051.3"	,
"柬埔寨"	,"对中国出口"	,"120055803"	,"2017-12-31"	,"100758.2"	,
"柬埔寨"	,"对中国出口"	,"120055803"	,"2018-12-31"	,"137665.5"	,
"柬埔寨"	,"对中国出口"	,"120055803"	,"2019-12-31"	,"144432.3229"	,
"柬埔寨"	,"对中国出口"	,"120055803"	,"2020-12-31"	,"149748.6585"	,
"柬埔寨"	,"对中国出口"	,"120055803"	,"2021-12-31"	,"210043"	,
"柬埔寨"	,"对中国出口"	,"120055803"	,"2022-12-31"	,"183820"	,
"柬埔寨"	,"对中国出口"	,"120055803"	,"2023-12-31"	,"207056.2951"	,
"卡塔尔"	,"对中国出口"	,"120055780"	,"2005-12-31"	,"47272"	,
"卡塔尔"	,"对中国出口"	,"120055780"	,"2006-12-31"	,"56198.0688"	,
"卡塔尔"	,"对中国出口"	,"120055780"	,"2007-12-31"	,"58800.2503"	,
"卡塔尔"	,"对中国出口"	,"120055780"	,"2008-12-31"	,"131162.6096"	,
"卡塔尔"	,"对中国出口"	,"120055780"	,"2009-12-31"	,"138176.371"	,
"卡塔尔"	,"对中国出口"	,"120055780"	,"2010-12-31"	,"245583.5"	,
"卡塔尔"	,"对中国出口"	,"120055780"	,"2011-12-31"	,"469430.8733"	,
"卡塔尔"	,"对中国出口"	,"120055780"	,"2012-12-31"	,"727810.3"	,
"卡塔尔"	,"对中国出口"	,"120055780"	,"2013-12-31"	,"846335.3"	,
"卡塔尔"	,"对中国出口"	,"120055780"	,"2014-12-31"	,"833672.7789"	,
"卡塔尔"	,"对中国出口"	,"120055780"	,"2015-12-31"	,"461436.6"	,
"卡塔尔"	,"对中国出口"	,"120055780"	,"2016-12-31"	,"401237.4"	,
"卡塔尔"	,"对中国出口"	,"120055780"	,"2017-12-31"	,"640027.4"	,
"卡塔尔"	,"对中国出口"	,"120055780"	,"2018-12-31"	,"914639"	,
"卡塔尔"	,"对中国出口"	,"120055780"	,"2019-12-31"	,"871310.7686"	,
"卡塔尔"	,"对中国出口"	,"120055780"	,"2020-12-31"	,"830509.6427"	,
"卡塔尔"	,"对中国出口"	,"120055780"	,"2021-12-31"	,"1321100"	,
"卡塔尔"	,"对中国出口"	,"120055780"	,"2022-12-31"	,"2258574"	,
"卡塔尔"	,"对中国出口"	,"120055780"	,"2023-12-31"	,"2089691.1716"	,
"科威特"	,"对中国出口"	,"120055792"	,"2005-12-31"	,"102050"	,
"科威特"	,"对中国出口"	,"120055792"	,"2006-12-31"	,"192399.9896"	,
"科威特"	,"对中国出口"	,"120055792"	,"2007-12-31"	,"229062.2896"	,
"科威特"	,"对中国出口"	,"120055792"	,"2008-12-31"	,"503881.4695"	,
"科威特"	,"对中国出口"	,"120055792"	,"2009-12-31"	,"350069.2229"	,
"科威特"	,"对中国出口"	,"120055792"	,"2010-12-31"	,"670835.7"	,
"科威特"	,"对中国出口"	,"120055792"	,"2011-12-31"	,"917520.4536"	,
"科威特"	,"对中国出口"	,"120055792"	,"2012-12-31"	,"1046780.9"	,
"科威特"	,"对中国出口"	,"120055792"	,"2013-12-31"	,"958663.8"	,
"科威特"	,"对中国出口"	,"120055792"	,"2014-12-31"	,"1000496.4203"	,
"科威特"	,"对中国出口"	,"120055792"	,"2015-12-31"	,"749706.5"	,
"科威特"	,"对中国出口"	,"120055792"	,"2016-12-31"	,"637028.4"	,
"科威特"	,"对中国出口"	,"120055792"	,"2017-12-31"	,"893495"	,
"科威特"	,"对中国出口"	,"120055792"	,"2018-12-31"	,"1534386.6"	,
"科威特"	,"对中国出口"	,"120055792"	,"2019-12-31"	,"1344747.4953"	,
"科威特"	,"对中国出口"	,"120055792"	,"2020-12-31"	,"1073510.1636"	,
"科威特"	,"对中国出口"	,"120055792"	,"2021-12-31"	,"1775554"	,
"科威特"	,"对中国出口"	,"120055792"	,"2022-12-31"	,"2649899"	,
"科威特"	,"对中国出口"	,"120055792"	,"2023-12-31"	,"1716549.6674"	,
"老挝"	,"对中国出口"	,"120055791"	,"2005-12-31"	,"2555"	,
"老挝"	,"对中国出口"	,"120055791"	,"2006-12-31"	,"4964.6755"	,
"老挝"	,"对中国出口"	,"120055791"	,"2007-12-31"	,"8591.8978"	,
"老挝"	,"对中国出口"	,"120055791"	,"2008-12-31"	,"13425.8761"	,
"老挝"	,"对中国出口"	,"120055791"	,"2009-12-31"	,"37463.2728"	,
"老挝"	,"对中国出口"	,"120055791"	,"2010-12-31"	,"60149.4"	,
"老挝"	,"对中国出口"	,"120055791"	,"2011-12-31"	,"82460.8354"	,
"老挝"	,"对中国出口"	,"120055791"	,"2012-12-31"	,"78663.4"	,
"老挝"	,"对中国出口"	,"120055791"	,"2013-12-31"	,"101007.9"	,
"老挝"	,"对中国出口"	,"120055791"	,"2014-12-31"	,"177788.3187"	,
"老挝"	,"对中国出口"	,"120055791"	,"2015-12-31"	,"154734.1"	,
"老挝"	,"对中国出口"	,"120055791"	,"2016-12-31"	,"135960.8"	,
"老挝"	,"对中国出口"	,"120055791"	,"2017-12-31"	,"160499.7"	,
"老挝"	,"对中国出口"	,"120055791"	,"2018-12-31"	,"201815.3"	,
"老挝"	,"对中国出口"	,"120055791"	,"2019-12-31"	,"215700.039"	,
"老挝"	,"对中国出口"	,"120055791"	,"2020-12-31"	,"208828.934"	,
"老挝"	,"对中国出口"	,"120055791"	,"2021-12-31"	,"267570"	,
"老挝"	,"对中国出口"	,"120055791"	,"2022-12-31"	,"335127"	,
"老挝"	,"对中国出口"	,"120055791"	,"2023-12-31"	,"374891.9139"	,
"黎巴嫩"	,"对中国出口"	,"120055790"	,"2005-12-31"	,"419"	,
"黎巴嫩"	,"对中国出口"	,"120055790"	,"2006-12-31"	,"860.0471"	,
"黎巴嫩"	,"对中国出口"	,"120055790"	,"2007-12-31"	,"1862.1347"	,
"黎巴嫩"	,"对中国出口"	,"120055790"	,"2008-12-31"	,"1327.3975"	,
"黎巴嫩"	,"对中国出口"	,"120055790"	,"2009-12-31"	,"897.6689"	,
"黎巴嫩"	,"对中国出口"	,"120055790"	,"2010-12-31"	,"2727.5"	,
"黎巴嫩"	,"对中国出口"	,"120055790"	,"2011-12-31"	,"2591.5697"	,
"黎巴嫩"	,"对中国出口"	,"120055790"	,"2012-12-31"	,"2032.7"	,
"黎巴嫩"	,"对中国出口"	,"120055790"	,"2013-12-31"	,"4557.9"	,
"黎巴嫩"	,"对中国出口"	,"120055790"	,"2014-12-31"	,"2538.7258"	,
"黎巴嫩"	,"对中国出口"	,"120055790"	,"2015-12-31"	,"1732.3"	,
"黎巴嫩"	,"对中国出口"	,"120055790"	,"2016-12-31"	,"1767.3"	,
"黎巴嫩"	,"对中国出口"	,"120055790"	,"2017-12-31"	,"2304"	,
"黎巴嫩"	,"对中国出口"	,"120055790"	,"2018-12-31"	,"4898.4"	,
"黎巴嫩"	,"对中国出口"	,"120055790"	,"2019-12-31"	,"2600.7161"	,
"黎巴嫩"	,"对中国出口"	,"120055790"	,"2020-12-31"	,"3179.8465"	,
"黎巴嫩"	,"对中国出口"	,"120055790"	,"2021-12-31"	,"4793"	,
"黎巴嫩"	,"对中国出口"	,"120055790"	,"2022-12-31"	,"6404"	,
"黎巴嫩"	,"对中国出口"	,"120055790"	,"2023-12-31"	,"6415.5415"	,
"马尔代夫"	,"对中国出口"	,"120055787"	,"2005-12-31"	,"3"	,
"马尔代夫"	,"对中国出口"	,"120055787"	,"2006-12-31"	,"59.8276"	,
"马尔代夫"	,"对中国出口"	,"120055787"	,"2007-12-31"	,"28.3766"	,
"马尔代夫"	,"对中国出口"	,"120055787"	,"2008-12-31"	,"141.7012"	,
"马尔代夫"	,"对中国出口"	,"120055787"	,"2009-12-31"	,"12.7654"	,
"马尔代夫"	,"对中国出口"	,"120055787"	,"2010-12-31"	,"4.8"	,
"马尔代夫"	,"对中国出口"	,"120055787"	,"2011-12-31"	,"13.5718"	,
"马尔代夫"	,"对中国出口"	,"120055787"	,"2012-12-31"	,"18.5"	,
"马尔代夫"	,"对中国出口"	,"120055787"	,"2013-12-31"	,"41.8"	,
"马尔代夫"	,"对中国出口"	,"120055787"	,"2014-12-31"	,"38.043"	,
"马尔代夫"	,"对中国出口"	,"120055787"	,"2015-12-31"	,"17.7"	,
"马尔代夫"	,"对中国出口"	,"120055787"	,"2016-12-31"	,"23.8"	,
"马尔代夫"	,"对中国出口"	,"120055787"	,"2017-12-31"	,"62.1"	,
"马尔代夫"	,"对中国出口"	,"120055787"	,"2018-12-31"	,"103.3"	,
"马尔代夫"	,"对中国出口"	,"120055787"	,"2019-12-31"	,"3371.8734"	,
"马尔代夫"	,"对中国出口"	,"120055787"	,"2020-12-31"	,"577.109"	,
"马尔代夫"	,"对中国出口"	,"120055787"	,"2021-12-31"	,"436"	,
"马尔代夫"	,"对中国出口"	,"120055787"	,"2022-12-31"	,"6"	,
"马尔代夫"	,"对中国出口"	,"120055787"	,"2023-12-31"	,"3.4543"	,
"马来西亚"	,"对中国出口"	,"120055788"	,"2005-12-31"	,"2009321"	,
"马来西亚"	,"对中国出口"	,"120055788"	,"2006-12-31"	,"2357243.434"	,
"马来西亚"	,"对中国出口"	,"120055788"	,"2007-12-31"	,"2869705.0876"	,
"马来西亚"	,"对中国出口"	,"120055788"	,"2008-12-31"	,"3210139.6273"	,
"马来西亚"	,"对中国出口"	,"120055788"	,"2009-12-31"	,"3233591.5167"	,
"马来西亚"	,"对中国出口"	,"120055788"	,"2010-12-31"	,"5044680.2"	,
"马来西亚"	,"对中国出口"	,"120055788"	,"2011-12-31"	,"6213671.1857"	,
"马来西亚"	,"对中国出口"	,"120055788"	,"2012-12-31"	,"5830676.5"	,
"马来西亚"	,"对中国出口"	,"120055788"	,"2013-12-31"	,"6015278.6"	,
"马来西亚"	,"对中国出口"	,"120055788"	,"2014-12-31"	,"5565224.2622"	,
"马来西亚"	,"对中国出口"	,"120055788"	,"2015-12-31"	,"5327733.1"	,
"马来西亚"	,"对中国出口"	,"120055788"	,"2016-12-31"	,"4926963.7"	,
"马来西亚"	,"对中国出口"	,"120055788"	,"2017-12-31"	,"5442613.9"	,
"马来西亚"	,"对中国出口"	,"120055788"	,"2018-12-31"	,"6320504.6"	,
"马来西亚"	,"对中国出口"	,"120055788"	,"2019-12-31"	,"7190997.5137"	,
"马来西亚"	,"对中国出口"	,"120055788"	,"2020-12-31"	,"7517442.1604"	,
"马来西亚"	,"对中国出口"	,"120055788"	,"2021-12-31"	,"9830508"	,
"马来西亚"	,"对中国出口"	,"120055788"	,"2022-12-31"	,"10983860"	,
"马来西亚"	,"对中国出口"	,"120055788"	,"2023-12-31"	,"10286069.5682"	,
"蒙古"	,"对中国出口"	,"120055786"	,"2005-12-31"	,"54103"	,
"蒙古"	,"对中国出口"	,"120055786"	,"2006-12-31"	,"114748.2669"	,
"蒙古"	,"对中国出口"	,"120055786"	,"2007-12-31"	,"135164.9373"	,
"蒙古"	,"对中国出口"	,"120055786"	,"2008-12-31"	,"152560.7206"	,
"蒙古"	,"对中国出口"	,"120055786"	,"2009-12-31"	,"136111.8532"	,
"蒙古"	,"对中国出口"	,"120055786"	,"2010-12-31"	,"255206.3"	,
"蒙古"	,"对中国出口"	,"120055786"	,"2011-12-31"	,"370107.0929"	,
"蒙古"	,"对中国出口"	,"120055786"	,"2012-12-31"	,"394770.3"	,
"蒙古"	,"对中国出口"	,"120055786"	,"2013-12-31"	,"350954.7"	,
"蒙古"	,"对中国出口"	,"120055786"	,"2014-12-31"	,"510208.7078"	,
"蒙古"	,"对中国出口"	,"120055786"	,"2015-12-31"	,"379537.7"	,
"蒙古"	,"对中国出口"	,"120055786"	,"2016-12-31"	,"362260.1"	,
"蒙古"	,"对中国出口"	,"120055786"	,"2017-12-31"	,"516731.3"	,
"蒙古"	,"对中国出口"	,"120055786"	,"2018-12-31"	,"634411.2"	,
"蒙古"	,"对中国出口"	,"120055786"	,"2019-12-31"	,"633435.7304"	,
"蒙古"	,"对中国出口"	,"120055786"	,"2020-12-31"	,"512456.2278"	,
"蒙古"	,"对中国出口"	,"120055786"	,"2021-12-31"	,"689896"	,
"蒙古"	,"对中国出口"	,"120055786"	,"2022-12-31"	,"933218"	,
"蒙古"	,"对中国出口"	,"120055786"	,"2023-12-31"	,"1311720.9583"	,
"孟加拉国"	,"对中国出口"	,"120055807"	,"2005-12-31"	,"7860"	,
"孟加拉国"	,"对中国出口"	,"120055807"	,"2006-12-31"	,"9883.5268"	,
"孟加拉国"	,"对中国出口"	,"120055807"	,"2007-12-31"	,"11417.1063"	,
"孟加拉国"	,"对中国出口"	,"120055807"	,"2008-12-31"	,"13190.9511"	,
"孟加拉国"	,"对中国出口"	,"120055807"	,"2009-12-31"	,"14034.2809"	,
"孟加拉国"	,"对中国出口"	,"120055807"	,"2010-12-31"	,"26887.6"	,
"孟加拉国"	,"对中国出口"	,"120055807"	,"2011-12-31"	,"44864.2584"	,
"孟加拉国"	,"对中国出口"	,"120055807"	,"2012-12-31"	,"47992.2"	,
"孟加拉国"	,"对中国出口"	,"120055807"	,"2013-12-31"	,"60236.6"	,
"孟加拉国"	,"对中国出口"	,"120055807"	,"2014-12-31"	,"76110.7883"	,
"孟加拉国"	,"对中国出口"	,"120055807"	,"2015-12-31"	,"81684.5"	,
"孟加拉国"	,"对中国出口"	,"120055807"	,"2016-12-31"	,"86939.8"	,
"孟加拉国"	,"对中国出口"	,"120055807"	,"2017-12-31"	,"87514.5"	,
"孟加拉国"	,"对中国出口"	,"120055807"	,"2018-12-31"	,"98442.3"	,
"孟加拉国"	,"对中国出口"	,"120055807"	,"2019-12-31"	,"103653.3766"	,
"孟加拉国"	,"对中国出口"	,"120055807"	,"2020-12-31"	,"79975.463"	,
"孟加拉国"	,"对中国出口"	,"120055807"	,"2021-12-31"	,"104693"	,
"孟加拉国"	,"对中国出口"	,"120055807"	,"2022-12-31"	,"98173"	,
"孟加拉国"	,"对中国出口"	,"120055807"	,"2023-12-31"	,"102597.7332"	,
"缅甸"	,"对中国出口"	,"120055804"	,"2005-12-31"	,"27440"	,
"缅甸"	,"对中国出口"	,"120055804"	,"2006-12-31"	,"25264.9704"	,
"缅甸"	,"对中国出口"	,"120055804"	,"2007-12-31"	,"37814.0015"	,
"缅甸"	,"对中国出口"	,"120055804"	,"2008-12-31"	,"64754.8911"	,
"缅甸"	,"对中国出口"	,"120055804"	,"2009-12-31"	,"64612.6728"	,
"缅甸"	,"对中国出口"	,"120055804"	,"2010-12-31"	,"96654.6"	,
"缅甸"	,"对中国出口"	,"120055804"	,"2011-12-31"	,"167990.0256"	,
"缅甸"	,"对中国出口"	,"120055804"	,"2012-12-31"	,"129822.6"	,
"缅甸"	,"对中国出口"	,"120055804"	,"2013-12-31"	,"285686.7"	,
"缅甸"	,"对中国出口"	,"120055804"	,"2014-12-31"	,"1560127.9451"	,
"缅甸"	,"对中国出口"	,"120055804"	,"2015-12-31"	,"544929.5"	,
"缅甸"	,"对中国出口"	,"120055804"	,"2016-12-31"	,"409770.9"	,
"缅甸"	,"对中国出口"	,"120055804"	,"2017-12-31"	,"452634.8"	,
"缅甸"	,"对中国出口"	,"120055804"	,"2018-12-31"	,"468433.8"	,
"缅甸"	,"对中国出口"	,"120055804"	,"2019-12-31"	,"638805.9154"	,
"缅甸"	,"对中国出口"	,"120055804"	,"2020-12-31"	,"634679.808"	,
"缅甸"	,"对中国出口"	,"120055804"	,"2021-12-31"	,"812208"	,
"缅甸"	,"对中国出口"	,"120055804"	,"2022-12-31"	,"1149475"	,
"缅甸"	,"对中国出口"	,"120055804"	,"2023-12-31"	,"954773.0928"	,
"尼泊尔"	,"对中国出口"	,"120055785"	,"2005-12-31"	,"850"	,
"尼泊尔"	,"对中国出口"	,"120055785"	,"2006-12-31"	,"828.4668"	,
"尼泊尔"	,"对中国出口"	,"120055785"	,"2007-12-31"	,"1479.0179"	,
"尼泊尔"	,"对中国出口"	,"120055785"	,"2008-12-31"	,"597.5687"	,
"尼泊尔"	,"对中国出口"	,"120055785"	,"2009-12-31"	,"529.0031"	,
"尼泊尔"	,"对中国出口"	,"120055785"	,"2010-12-31"	,"1141.6"	,
"尼泊尔"	,"对中国出口"	,"120055785"	,"2011-12-31"	,"1386.4962"	,
"尼泊尔"	,"对中国出口"	,"120055785"	,"2012-12-31"	,"2952"	,
"尼泊尔"	,"对中国出口"	,"120055785"	,"2013-12-31"	,"4325"	,
"尼泊尔"	,"对中国出口"	,"120055785"	,"2014-12-31"	,"4706.74"	,
"尼泊尔"	,"对中国出口"	,"120055785"	,"2015-12-31"	,"3200.2"	,
"尼泊尔"	,"对中国出口"	,"120055785"	,"2016-12-31"	,"2240.6"	,
"尼泊尔"	,"对中国出口"	,"120055785"	,"2017-12-31"	,"1785.4"	,
"尼泊尔"	,"对中国出口"	,"120055785"	,"2018-12-31"	,"2200"	,
"尼泊尔"	,"对中国出口"	,"120055785"	,"2019-12-31"	,"3353.8072"	,
"尼泊尔"	,"对中国出口"	,"120055785"	,"2020-12-31"	,"1626.1278"	,
"尼泊尔"	,"对中国出口"	,"120055785"	,"2021-12-31"	,"2651"	,
"尼泊尔"	,"对中国出口"	,"120055785"	,"2022-12-31"	,"2181"	,
"尼泊尔"	,"对中国出口"	,"120055785"	,"2023-12-31"	,"3480.0372"	,
"沙特阿拉伯"	,"对中国出口"	,"120055779"	,"2005-12-31"	,"1224572"	,
"沙特阿拉伯"	,"对中国出口"	,"120055779"	,"2006-12-31"	,"1508453.2094"	,
"沙特阿拉伯"	,"对中国出口"	,"120055779"	,"2007-12-31"	,"1755968.3144"	,
"沙特阿拉伯"	,"对中国出口"	,"120055779"	,"2008-12-31"	,"3102269.7923"	,
"沙特阿拉伯"	,"对中国出口"	,"120055779"	,"2009-12-31"	,"2357093.7834"	,
"沙特阿拉伯"	,"对中国出口"	,"120055779"	,"2010-12-31"	,"3282904.8"	,
"沙特阿拉伯"	,"对中国出口"	,"120055779"	,"2011-12-31"	,"4946753.5399"	,
"沙特阿拉伯"	,"对中国出口"	,"120055779"	,"2012-12-31"	,"5486187.1"	,
"沙特阿拉伯"	,"对中国出口"	,"120055779"	,"2013-12-31"	,"5345071.1"	,
"沙特阿拉伯"	,"对中国出口"	,"120055779"	,"2014-12-31"	,"4850802.598"	,
"沙特阿拉伯"	,"对中国出口"	,"120055779"	,"2015-12-31"	,"3002105.1"	,
"沙特阿拉伯"	,"对中国出口"	,"120055779"	,"2016-12-31"	,"2362601.9"	,
"沙特阿拉伯"	,"对中国出口"	,"120055779"	,"2017-12-31"	,"3176187.3"	,
"沙特阿拉伯"	,"对中国出口"	,"120055779"	,"2018-12-31"	,"4585438"	,
"沙特阿拉伯"	,"对中国出口"	,"120055779"	,"2019-12-31"	,"5419593.6612"	,
"沙特阿拉伯"	,"对中国出口"	,"120055779"	,"2020-12-31"	,"3906985.7145"	,
"沙特阿拉伯"	,"对中国出口"	,"120055779"	,"2021-12-31"	,"5696861"	,
"沙特阿拉伯"	,"对中国出口"	,"120055779"	,"2022-12-31"	,"7805625"	,
"沙特阿拉伯"	,"对中国出口"	,"120055779"	,"2023-12-31"	,"6436998.4391"	,
"斯里兰卡"	,"对中国出口"	,"120055776"	,"2005-12-31"	,"3660"	,
"斯里兰卡"	,"对中国出口"	,"120055776"	,"2006-12-31"	,"3483.4203"	,
"斯里兰卡"	,"对中国出口"	,"120055776"	,"2007-12-31"	,"4803.2084"	,
"斯里兰卡"	,"对中国出口"	,"120055776"	,"2008-12-31"	,"6054.067"	,
"斯里兰卡"	,"对中国出口"	,"120055776"	,"2009-12-31"	,"7038.3195"	,
"斯里兰卡"	,"对中国出口"	,"120055776"	,"2010-12-31"	,"10227.5"	,
"斯里兰卡"	,"对中国出口"	,"120055776"	,"2011-12-31"	,"15288.7599"	,
"斯里兰卡"	,"对中国出口"	,"120055776"	,"2012-12-31"	,"16195.5"	,
"斯里兰卡"	,"对中国出口"	,"120055776"	,"2013-12-31"	,"18256.4"	,
"斯里兰卡"	,"对中国出口"	,"120055776"	,"2014-12-31"	,"24827.2984"	,
"斯里兰卡"	,"对中国出口"	,"120055776"	,"2015-12-31"	,"25851.6"	,
"斯里兰卡"	,"对中国出口"	,"120055776"	,"2016-12-31"	,"27344.4"	,
"斯里兰卡"	,"对中国出口"	,"120055776"	,"2017-12-31"	,"31003"	,
"斯里兰卡"	,"对中国出口"	,"120055776"	,"2018-12-31"	,"32174.5"	,
"斯里兰卡"	,"对中国出口"	,"120055776"	,"2019-12-31"	,"39700.8323"	,
"斯里兰卡"	,"对中国出口"	,"120055776"	,"2020-12-31"	,"31776.3285"	,
"斯里兰卡"	,"对中国出口"	,"120055776"	,"2021-12-31"	,"65045"	,
"斯里兰卡"	,"对中国出口"	,"120055776"	,"2022-12-31"	,"49493"	,
"斯里兰卡"	,"对中国出口"	,"120055776"	,"2023-12-31"	,"35608.6963"	,
"塔吉克斯坦"	,"对中国出口"	,"120055766"	,"2005-12-31"	,"1420"	,
"塔吉克斯坦"	,"对中国出口"	,"120055766"	,"2006-12-31"	,"1800.2123"	,
"塔吉克斯坦"	,"对中国出口"	,"120055766"	,"2007-12-31"	,"1028.4973"	,
"塔吉克斯坦"	,"对中国出口"	,"120055766"	,"2008-12-31"	,"2024.353"	,
"塔吉克斯坦"	,"对中国出口"	,"120055766"	,"2009-12-31"	,"18501.6693"	,
"塔吉克斯坦"	,"对中国出口"	,"120055766"	,"2010-12-31"	,"5606.2"	,
"塔吉克斯坦"	,"对中国出口"	,"120055766"	,"2011-12-31"	,"7222.7602"	,
"塔吉克斯坦"	,"对中国出口"	,"120055766"	,"2012-12-31"	,"10882.9"	,
"塔吉克斯坦"	,"对中国出口"	,"120055766"	,"2013-12-31"	,"8875.1"	,
"塔吉克斯坦"	,"对中国出口"	,"120055766"	,"2014-12-31"	,"4769.8839"	,
"塔吉克斯坦"	,"对中国出口"	,"120055766"	,"2015-12-31"	,"5203.5"	,
"塔吉克斯坦"	,"对中国出口"	,"120055766"	,"2016-12-31"	,"3124.5"	,
"塔吉克斯坦"	,"对中国出口"	,"120055766"	,"2017-12-31"	,"4673.7"	,
"塔吉克斯坦"	,"对中国出口"	,"120055766"	,"2018-12-31"	,"7684.4"	,
"塔吉克斯坦"	,"对中国出口"	,"120055766"	,"2019-12-31"	,"8461.9584"	,
"塔吉克斯坦"	,"对中国出口"	,"120055766"	,"2020-12-31"	,"4529.3459"	,
"塔吉克斯坦"	,"对中国出口"	,"120055766"	,"2021-12-31"	,"17547"	,
"塔吉克斯坦"	,"对中国出口"	,"120055766"	,"2022-12-31"	,"37378"	,
"塔吉克斯坦"	,"对中国出口"	,"120055766"	,"2023-12-31"	,"24927.9231"	,
"泰国"	,"对中国出口"	,"120055774"	,"2005-12-31"	,"1399189"	,
"泰国"	,"对中国出口"	,"120055774"	,"2006-12-31"	,"1796242.8351"	,
"泰国"	,"对中国出口"	,"120055774"	,"2007-12-31"	,"2266469.0699"	,
"泰国"	,"对中国出口"	,"120055774"	,"2008-12-31"	,"2565673.6974"	,
"泰国"	,"对中国出口"	,"120055774"	,"2009-12-31"	,"2490530.7403"	,
"泰国"	,"对中国出口"	,"120055774"	,"2010-12-31"	,"3319594.2"	,
"泰国"	,"对中国出口"	,"120055774"	,"2011-12-31"	,"3903909.5408"	,
"泰国"	,"对中国出口"	,"120055774"	,"2012-12-31"	,"3855465.6"	,
"泰国"	,"对中国出口"	,"120055774"	,"2013-12-31"	,"3852264.6"	,
"泰国"	,"对中国出口"	,"120055774"	,"2014-12-31"	,"3833192.8398"	,
"泰国"	,"对中国出口"	,"120055774"	,"2015-12-31"	,"3716874.5"	,
"泰国"	,"对中国出口"	,"120055774"	,"2016-12-31"	,"3853234.3"	,
"泰国"	,"对中国出口"	,"120055774"	,"2017-12-31"	,"4159608.3"	,
"泰国"	,"对中国出口"	,"120055774"	,"2018-12-31"	,"4462963.7"	,
"泰国"	,"对中国出口"	,"120055774"	,"2019-12-31"	,"4616164.9902"	,
"泰国"	,"对中国出口"	,"120055774"	,"2020-12-31"	,"4813973.7245"	,
"泰国"	,"对中国出口"	,"120055774"	,"2021-12-31"	,"6183263"	,
"泰国"	,"对中国出口"	,"120055774"	,"2022-12-31"	,"5655290"	,
"泰国"	,"对中国出口"	,"120055774"	,"2023-12-31"	,"5054388.6572"	,
"土耳其"	,"对中国出口"	,"120055773"	,"2005-12-31"	,"62174"	,
"土耳其"	,"对中国出口"	,"120055773"	,"2006-12-31"	,"76595.1559"	,
"土耳其"	,"对中国出口"	,"120055773"	,"2007-12-31"	,"129239.6675"	,
"土耳其"	,"对中国出口"	,"120055773"	,"2008-12-31"	,"196293.3289"	,
"土耳其"	,"对中国出口"	,"120055773"	,"2009-12-31"	,"176108.3455"	,
"土耳其"	,"对中国出口"	,"120055773"	,"2010-12-31"	,"316854.3"	,
"土耳其"	,"对中国出口"	,"120055773"	,"2011-12-31"	,"312375.6587"	,
"土耳其"	,"对中国出口"	,"120055773"	,"2012-12-31"	,"351101.2"	,
"土耳其"	,"对中国出口"	,"120055773"	,"2013-12-31"	,"448623.4"	,
"土耳其"	,"对中国出口"	,"120055773"	,"2014-12-31"	,"370539.5699"	,
"土耳其"	,"对中国出口"	,"120055773"	,"2015-12-31"	,"294363.8"	,
"土耳其"	,"对中国出口"	,"120055773"	,"2016-12-31"	,"278541.5"	,
"土耳其"	,"对中国出口"	,"120055773"	,"2017-12-31"	,"378343"	,
"土耳其"	,"对中国出口"	,"120055773"	,"2018-12-31"	,"375686"	,
"土耳其"	,"对中国出口"	,"120055773"	,"2019-12-31"	,"349681.9906"	,
"土耳其"	,"对中国出口"	,"120055773"	,"2020-12-31"	,"373141.1072"	,
"土耳其"	,"对中国出口"	,"120055773"	,"2021-12-31"	,"504897"	,
"土耳其"	,"对中国出口"	,"120055773"	,"2022-12-31"	,"450431"	,
"土耳其"	,"对中国出口"	,"120055773"	,"2023-12-31"	,"452447.1694"	,
"土库曼斯坦"	,"对中国出口"	,"120055765"	,"2005-12-31"	,"1908"	,
"土库曼斯坦"	,"对中国出口"	,"120055765"	,"2006-12-31"	,"1601.1532"	,
"土库曼斯坦"	,"对中国出口"	,"120055765"	,"2007-12-31"	,"5014.082"	,
"土库曼斯坦"	,"对中国出口"	,"120055765"	,"2008-12-31"	,"2844.0391"	,
"土库曼斯坦"	,"对中国出口"	,"120055765"	,"2009-12-31"	,"3873.2297"	,
"土库曼斯坦"	,"对中国出口"	,"120055765"	,"2010-12-31"	,"104451.9"	,
"土库曼斯坦"	,"对中国出口"	,"120055765"	,"2011-12-31"	,"469317.3232"	,
"土库曼斯坦"	,"对中国出口"	,"120055765"	,"2012-12-31"	,"867338.2"	,
"土库曼斯坦"	,"对中国出口"	,"120055765"	,"2013-12-31"	,"889325.7"	,
"土库曼斯坦"	,"对中国出口"	,"120055765"	,"2014-12-31"	,"951615.8297"	,
"土库曼斯坦"	,"对中国出口"	,"120055765"	,"2015-12-31"	,"782766.1"	,
"土库曼斯坦"	,"对中国出口"	,"120055765"	,"2016-12-31"	,"556329.5"	,
"土库曼斯坦"	,"对中国出口"	,"120055765"	,"2017-12-31"	,"657512.6"	,
"土库曼斯坦"	,"对中国出口"	,"120055765"	,"2018-12-31"	,"811937"	,
"土库曼斯坦"	,"对中国出口"	,"120055765"	,"2019-12-31"	,"868602.2768"	,
"土库曼斯坦"	,"对中国出口"	,"120055765"	,"2020-12-31"	,"607188.1112"	,
"土库曼斯坦"	,"对中国出口"	,"120055765"	,"2021-12-31"	,"684446"	,
"土库曼斯坦"	,"对中国出口"	,"120055765"	,"2022-12-31"	,"1031356"	,
"土库曼斯坦"	,"对中国出口"	,"120055765"	,"2023-12-31"	,"963322.8488"	,
"文莱"	,"对中国出口"	,"120055805"	,"2005-12-31"	,"20773"	,
"文莱"	,"对中国出口"	,"120055805"	,"2006-12-31"	,"21531.2114"	,
"文莱"	,"对中国出口"	,"120055805"	,"2007-12-31"	,"24607.7331"	,
"文莱"	,"对中国出口"	,"120055805"	,"2008-12-31"	,"8888.4918"	,
"文莱"	,"对中国出口"	,"120055805"	,"2009-12-31"	,"28199.3307"	,
"文莱"	,"对中国出口"	,"120055805"	,"2010-12-31"	,"66433"	,
"文莱"	,"对中国出口"	,"120055805"	,"2011-12-31"	,"56681.574"	,
"文莱"	,"对中国出口"	,"120055805"	,"2012-12-31"	,"37309.9"	,
"文莱"	,"对中国出口"	,"120055805"	,"2013-12-31"	,"8980.4"	,
"文莱"	,"对中国出口"	,"120055805"	,"2014-12-31"	,"18971.7197"	,
"文莱"	,"对中国出口"	,"120055805"	,"2015-12-31"	,"10115.6"	,
"文莱"	,"对中国出口"	,"120055805"	,"2016-12-31"	,"22154.6"	,
"文莱"	,"对中国出口"	,"120055805"	,"2017-12-31"	,"35181"	,
"文莱"	,"对中国出口"	,"120055805"	,"2018-12-31"	,"24751"	,
"文莱"	,"对中国出口"	,"120055805"	,"2019-12-31"	,"45287.7043"	,
"文莱"	,"对中国出口"	,"120055805"	,"2020-12-31"	,"147599.395"	,
"文莱"	,"对中国出口"	,"120055805"	,"2021-12-31"	,"222548"	,
"文莱"	,"对中国出口"	,"120055805"	,"2022-12-31"	,"224862"	,
"文莱"	,"对中国出口"	,"120055805"	,"2023-12-31"	,"194882.0614"	,
"乌兹别克斯坦"	,"对中国出口"	,"120055764"	,"2005-12-31"	,"45050"	,
"乌兹别克斯坦"	,"对中国出口"	,"120055764"	,"2006-12-31"	,"56593.6536"	,
"乌兹别克斯坦"	,"对中国出口"	,"120055764"	,"2007-12-31"	,"36344.9961"	,
"乌兹别克斯坦"	,"对中国出口"	,"120055764"	,"2008-12-31"	,"32888.1786"	,
"乌兹别克斯坦"	,"对中国出口"	,"120055764"	,"2009-12-31"	,"35089.2072"	,
"乌兹别克斯坦"	,"对中国出口"	,"120055764"	,"2010-12-31"	,"130224.4"	,
"乌兹别克斯坦"	,"对中国出口"	,"120055764"	,"2011-12-31"	,"80737.1215"	,
"乌兹别克斯坦"	,"对中国出口"	,"120055764"	,"2012-12-31"	,"109184.9"	,
"乌兹别克斯坦"	,"对中国出口"	,"120055764"	,"2013-12-31"	,"193809.3"	,
"乌兹别克斯坦"	,"对中国出口"	,"120055764"	,"2014-12-31"	,"159791.0202"	,
"乌兹别克斯坦"	,"对中国出口"	,"120055764"	,"2015-12-31"	,"126706.4"	,
"乌兹别克斯坦"	,"对中国出口"	,"120055764"	,"2016-12-31"	,"160705.8"	,
"乌兹别克斯坦"	,"对中国出口"	,"120055764"	,"2017-12-31"	,"147144.9"	,
"乌兹别克斯坦"	,"对中国出口"	,"120055764"	,"2018-12-31"	,"232446"	,
"乌兹别克斯坦"	,"对中国出口"	,"120055764"	,"2019-12-31"	,"218078.1409"	,
"乌兹别克斯坦"	,"对中国出口"	,"120055764"	,"2020-12-31"	,"148330.8489"	,
"乌兹别克斯坦"	,"对中国出口"	,"120055764"	,"2021-12-31"	,"215541"	,
"乌兹别克斯坦"	,"对中国出口"	,"120055764"	,"2022-12-31"	,"227641"	,
"乌兹别克斯坦"	,"对中国出口"	,"120055764"	,"2023-12-31"	,"164378.0718"	,
"新加坡"	,"对中国出口"	,"120055778"	,"2005-12-31"	,"1651460"	,
"新加坡"	,"对中国出口"	,"120055778"	,"2006-12-31"	,"1767261.5941"	,
"新加坡"	,"对中国出口"	,"120055778"	,"2007-12-31"	,"1752368.4113"	,
"新加坡"	,"对中国出口"	,"120055778"	,"2008-12-31"	,"2017126.455"	,
"新加坡"	,"对中国出口"	,"120055778"	,"2009-12-31"	,"1780393.3383"	,
"新加坡"	,"对中国出口"	,"120055778"	,"2010-12-31"	,"2472875.1"	,
"新加坡"	,"对中国出口"	,"120055778"	,"2011-12-31"	,"2813992.0833"	,
"新加坡"	,"对中国出口"	,"120055778"	,"2012-12-31"	,"2853077.8"	,
"新加坡"	,"对中国出口"	,"120055778"	,"2013-12-31"	,"3006451.5"	,
"新加坡"	,"对中国出口"	,"120055778"	,"2014-12-31"	,"3082873.3314"	,
"新加坡"	,"对中国出口"	,"120055778"	,"2015-12-31"	,"2758076.3"	,
"新加坡"	,"对中国出口"	,"120055778"	,"2016-12-31"	,"2601424.9"	,
"新加坡"	,"对中国出口"	,"120055778"	,"2017-12-31"	,"3424962.4"	,
"新加坡"	,"对中国出口"	,"120055778"	,"2018-12-31"	,"3372777.2"	,
"新加坡"	,"对中国出口"	,"120055778"	,"2019-12-31"	,"3523781.8236"	,
"新加坡"	,"对中国出口"	,"120055778"	,"2020-12-31"	,"3161807.126"	,
"新加坡"	,"对中国出口"	,"120055778"	,"2021-12-31"	,"3881973"	,
"新加坡"	,"对中国出口"	,"120055778"	,"2022-12-31"	,"3364172"	,
"新加坡"	,"对中国出口"	,"120055778"	,"2023-12-31"	,"3142978.9681"	,
"叙利亚"	,"对中国出口"	,"120055775"	,"2005-12-31"	,"1774"	,
"叙利亚"	,"对中国出口"	,"120055775"	,"2006-12-31"	,"5066.3716"	,
"叙利亚"	,"对中国出口"	,"120055775"	,"2007-12-31"	,"827.1701"	,
"叙利亚"	,"对中国出口"	,"120055775"	,"2008-12-31"	,"986.4841"	,
"叙利亚"	,"对中国出口"	,"120055775"	,"2009-12-31"	,"1001.6691"	,
"叙利亚"	,"对中国出口"	,"120055775"	,"2010-12-31"	,"4028.8"	,
"叙利亚"	,"对中国出口"	,"120055775"	,"2011-12-31"	,"2615.5456"	,
"叙利亚"	,"对中国出口"	,"120055775"	,"2012-12-31"	,"1091.5"	,
"叙利亚"	,"对中国出口"	,"120055775"	,"2013-12-31"	,"470.5"	,
"叙利亚"	,"对中国出口"	,"120055775"	,"2014-12-31"	,"212.8134"	,
"叙利亚"	,"对中国出口"	,"120055775"	,"2015-12-31"	,"358.8"	,
"叙利亚"	,"对中国出口"	,"120055775"	,"2016-12-31"	,"326.4"	,
"叙利亚"	,"对中国出口"	,"120055775"	,"2017-12-31"	,"133.4"	,
"叙利亚"	,"对中国出口"	,"120055775"	,"2018-12-31"	,"86.9"	,
"叙利亚"	,"对中国出口"	,"120055775"	,"2019-12-31"	,"140.9486"	,
"叙利亚"	,"对中国出口"	,"120055775"	,"2020-12-31"	,"133.1472"	,
"叙利亚"	,"对中国出口"	,"120055775"	,"2021-12-31"	,"128"	,
"叙利亚"	,"对中国出口"	,"120055775"	,"2022-12-31"	,"224"	,
"叙利亚"	,"对中国出口"	,"120055775"	,"2023-12-31"	,"155.3166"	,
"亚美尼亚"	,"对中国出口"	,"120055688"	,"2005-12-31"	,"35"	,
"亚美尼亚"	,"对中国出口"	,"120055688"	,"2006-12-31"	,"841.252"	,
"亚美尼亚"	,"对中国出口"	,"120055688"	,"2007-12-31"	,"3777.405"	,
"亚美尼亚"	,"对中国出口"	,"120055688"	,"2008-12-31"	,"1150.6191"	,
"亚美尼亚"	,"对中国出口"	,"120055688"	,"2009-12-31"	,"2393.8617"	,
"亚美尼亚"	,"对中国出口"	,"120055688"	,"2010-12-31"	,"4676.4"	,
"亚美尼亚"	,"对中国出口"	,"120055688"	,"2011-12-31"	,"3463.1988"	,
"亚美尼亚"	,"对中国出口"	,"120055688"	,"2012-12-31"	,"3406.3"	,
"亚美尼亚"	,"对中国出口"	,"120055688"	,"2013-12-31"	,"7313.9"	,
"亚美尼亚"	,"对中国出口"	,"120055688"	,"2014-12-31"	,"16717.2701"	,
"亚美尼亚"	,"对中国出口"	,"120055688"	,"2015-12-31"	,"20897.2"	,
"亚美尼亚"	,"对中国出口"	,"120055688"	,"2016-12-31"	,"28061.8"	,
"亚美尼亚"	,"对中国出口"	,"120055688"	,"2017-12-31"	,"30267.7"	,
"亚美尼亚"	,"对中国出口"	,"120055688"	,"2018-12-31"	,"30214.3"	,
"亚美尼亚"	,"对中国出口"	,"120055688"	,"2019-12-31"	,"53130.4034"	,
"亚美尼亚"	,"对中国出口"	,"120055688"	,"2020-12-31"	,"79448.688"	,
"亚美尼亚"	,"对中国出口"	,"120055688"	,"2021-12-31"	,"108762"	,
"亚美尼亚"	,"对中国出口"	,"120055688"	,"2022-12-31"	,"90747"	,
"亚美尼亚"	,"对中国出口"	,"120055688"	,"2023-12-31"	,"98712.7422"	,
"也门"	,"对中国出口"	,"120055771"	,"2005-12-31"	,"266769"	,
"也门"	,"对中国出口"	,"120055771"	,"2006-12-31"	,"223255.2307"	,
"也门"	,"对中国出口"	,"120055771"	,"2007-12-31"	,"174529.0218"	,
"也门"	,"对中国出口"	,"120055771"	,"2008-12-31"	,"320987.2995"	,
"也门"	,"对中国出口"	,"120055771"	,"2009-12-31"	,"123751.1097"	,
"也门"	,"对中国出口"	,"120055771"	,"2010-12-31"	,"277908.1"	,
"也门"	,"对中国出口"	,"120055771"	,"2011-12-31"	,"313570.2068"	,
"也门"	,"对中国出口"	,"120055771"	,"2012-12-31"	,"360405.5"	,
"也门"	,"对中国出口"	,"120055771"	,"2013-12-31"	,"306130.1"	,
"也门"	,"对中国出口"	,"120055771"	,"2014-12-31"	,"293285.3594"	,
"也门"	,"对中国出口"	,"120055771"	,"2015-12-31"	,"89813.8"	,
"也门"	,"对中国出口"	,"120055771"	,"2016-12-31"	,"16602.8"	,
"也门"	,"对中国出口"	,"120055771"	,"2017-12-31"	,"65996.2"	,
"也门"	,"对中国出口"	,"120055771"	,"2018-12-31"	,"71993.3"	,
"也门"	,"对中国出口"	,"120055771"	,"2019-12-31"	,"86662.5199"	,
"也门"	,"对中国出口"	,"120055771"	,"2020-12-31"	,"67401.9114"	,
"也门"	,"对中国出口"	,"120055771"	,"2021-12-31"	,"48617"	,
"也门"	,"对中国出口"	,"120055771"	,"2022-12-31"	,"63327"	,
"也门"	,"对中国出口"	,"120055771"	,"2023-12-31"	,"1692.882"	,
"伊拉克"	,"对中国出口"	,"120055796"	,"2005-12-31"	,"41568"	,
"伊拉克"	,"对中国出口"	,"120055796"	,"2006-12-31"	,"65327.2934"	,
"伊拉克"	,"对中国出口"	,"120055796"	,"2007-12-31"	,"76579.6913"	,
"伊拉克"	,"对中国出口"	,"120055796"	,"2008-12-31"	,"138166.4347"	,
"伊拉克"	,"对中国出口"	,"120055796"	,"2009-12-31"	,"330960.1625"	,
"伊拉克"	,"对中国出口"	,"120055796"	,"2010-12-31"	,"627519.1"	,
"伊拉克"	,"对中国出口"	,"120055796"	,"2011-12-31"	,"1044363.3871"	,
"伊拉克"	,"对中国出口"	,"120055796"	,"2012-12-31"	,"1265577.3"	,
"伊拉克"	,"对中国出口"	,"120055796"	,"2013-12-31"	,"1798476.4"	,
"伊拉克"	,"对中国出口"	,"120055796"	,"2014-12-31"	,"2076123.9088"	,
"伊拉克"	,"对中国出口"	,"120055796"	,"2015-12-31"	,"1267463"	,
"伊拉克"	,"对中国出口"	,"120055796"	,"2016-12-31"	,"1066327.1"	,
"伊拉克"	,"对中国出口"	,"120055796"	,"2017-12-31"	,"1381411.2"	,
"伊拉克"	,"对中国出口"	,"120055796"	,"2018-12-31"	,"2249527.4"	,
"伊拉克"	,"对中国出口"	,"120055796"	,"2019-12-31"	,"2392733.6322"	,
"伊拉克"	,"对中国出口"	,"120055796"	,"2020-12-31"	,"1930376.4652"	,
"伊拉克"	,"对中国出口"	,"120055796"	,"2021-12-31"	,"2665311"	,
"伊拉克"	,"对中国出口"	,"120055796"	,"2022-12-31"	,"3939520"	,
"伊拉克"	,"对中国出口"	,"120055796"	,"2023-12-31"	,"3545447.4772"	,
"伊朗"	,"对中国出口"	,"120055797"	,"2005-12-31"	,"678668"	,
"伊朗"	,"对中国出口"	,"120055797"	,"2006-12-31"	,"995845.6154"	,
"伊朗"	,"对中国出口"	,"120055797"	,"2007-12-31"	,"1330559.7175"	,
"伊朗"	,"对中国出口"	,"120055797"	,"2008-12-31"	,"1959419.5353"	,
"伊朗"	,"对中国出口"	,"120055797"	,"2009-12-31"	,"1329997.4778"	,
"伊朗"	,"对中国出口"	,"120055797"	,"2010-12-31"	,"1829908.3"	,
"伊朗"	,"对中国出口"	,"120055797"	,"2011-12-31"	,"3034131.3753"	,
"伊朗"	,"对中国出口"	,"120055797"	,"2012-12-31"	,"2486839.2"	,
"伊朗"	,"对中国出口"	,"120055797"	,"2013-12-31"	,"2538986.4"	,
"伊朗"	,"对中国出口"	,"120055797"	,"2014-12-31"	,"2750384.9631"	,
"伊朗"	,"对中国出口"	,"120055797"	,"2015-12-31"	,"1605744.7"	,
"伊朗"	,"对中国出口"	,"120055797"	,"2016-12-31"	,"1482719.2"	,
"伊朗"	,"对中国出口"	,"120055797"	,"2017-12-31"	,"1855369.3"	,
"伊朗"	,"对中国出口"	,"120055797"	,"2018-12-31"	,"2110228"	,
"伊朗"	,"对中国出口"	,"120055797"	,"2019-12-31"	,"1344562.9531"	,
"伊朗"	,"对中国出口"	,"120055797"	,"2020-12-31"	,"644155.6555"	,
"伊朗"	,"对中国出口"	,"120055797"	,"2021-12-31"	,"650253"	,
"伊朗"	,"对中国出口"	,"120055797"	,"2022-12-31"	,"635370"	,
"伊朗"	,"对中国出口"	,"120055797"	,"2023-12-31"	,"458152.0146"	,
"印度尼西亚"	,"对中国出口"	,"120055798"	,"2005-12-31"	,"843696"	,
"印度尼西亚"	,"对中国出口"	,"120055798"	,"2006-12-31"	,"960574.3215"	,
"印度尼西亚"	,"对中国出口"	,"120055798"	,"2007-12-31"	,"1239507.7625"	,
"印度尼西亚"	,"对中国出口"	,"120055798"	,"2008-12-31"	,"1432293.4795"	,
"印度尼西亚"	,"对中国出口"	,"120055798"	,"2009-12-31"	,"1366822.9375"	,
"印度尼西亚"	,"对中国出口"	,"120055798"	,"2010-12-31"	,"2079671.9"	,
"印度尼西亚"	,"对中国出口"	,"120055798"	,"2011-12-31"	,"3133738.2984"	,
"印度尼西亚"	,"对中国出口"	,"120055798"	,"2012-12-31"	,"3195070.3"	,
"印度尼西亚"	,"对中国出口"	,"120055798"	,"2013-12-31"	,"3142426.2"	,
"印度尼西亚"	,"对中国出口"	,"120055798"	,"2014-12-31"	,"2448524.6982"	,
"印度尼西亚"	,"对中国出口"	,"120055798"	,"2015-12-31"	,"1988619.4"	,
"印度尼西亚"	,"对中国出口"	,"120055798"	,"2016-12-31"	,"2141403.6"	,
"印度尼西亚"	,"对中国出口"	,"120055798"	,"2017-12-31"	,"2857430.6"	,
"印度尼西亚"	,"对中国出口"	,"120055798"	,"2018-12-31"	,"3414977.6"	,
"印度尼西亚"	,"对中国出口"	,"120055798"	,"2019-12-31"	,"3411387.4419"	,
"印度尼西亚"	,"对中国出口"	,"120055798"	,"2020-12-31"	,"3748185.2148"	,
"印度尼西亚"	,"对中国出口"	,"120055798"	,"2021-12-31"	,"6392283"	,
"印度尼西亚"	,"对中国出口"	,"120055798"	,"2022-12-31"	,"7789081"	,
"印度尼西亚"	,"对中国出口"	,"120055798"	,"2023-12-31"	,"7421546.035"	,
"约旦"	,"对中国出口"	,"120055793"	,"2005-12-31"	,"7887"	,
"约旦"	,"对中国出口"	,"120055793"	,"2006-12-31"	,"5323.1886"	,
"约旦"	,"对中国出口"	,"120055793"	,"2007-12-31"	,"8206.8909"	,
"约旦"	,"对中国出口"	,"120055793"	,"2008-12-31"	,"12317.5273"	,
"约旦"	,"对中国出口"	,"120055793"	,"2009-12-31"	,"11226.3782"	,
"约旦"	,"对中国出口"	,"120055793"	,"2010-12-31"	,"16470.6"	,
"约旦"	,"对中国出口"	,"120055793"	,"2011-12-31"	,"25672.183"	,
"约旦"	,"对中国出口"	,"120055793"	,"2012-12-31"	,"29710.3"	,
"约旦"	,"对中国出口"	,"120055793"	,"2013-12-31"	,"16987.5"	,
"约旦"	,"对中国出口"	,"120055793"	,"2014-12-31"	,"26320.4026"	,
"约旦"	,"对中国出口"	,"120055793"	,"2015-12-31"	,"28752.1"	,
"约旦"	,"对中国出口"	,"120055793"	,"2016-12-31"	,"21116.1"	,
"约旦"	,"对中国出口"	,"120055793"	,"2017-12-31"	,"27918.5"	,
"约旦"	,"对中国出口"	,"120055793"	,"2018-12-31"	,"21418.2"	,
"约旦"	,"对中国出口"	,"120055793"	,"2019-12-31"	,"43406.0039"	,
"约旦"	,"对中国出口"	,"120055793"	,"2020-12-31"	,"42572.9742"	,
"约旦"	,"对中国出口"	,"120055793"	,"2021-12-31"	,"42471"	,
"约旦"	,"对中国出口"	,"120055793"	,"2022-12-31"	,"74587"	,
"约旦"	,"对中国出口"	,"120055793"	,"2023-12-31"	,"70592.0459"	,
"越南"	,"对中国出口"	,"120055770"	,"2005-12-31"	,"255284"	,
"越南"	,"对中国出口"	,"120055770"	,"2006-12-31"	,"248607.63"	,
"越南"	,"对中国出口"	,"120055770"	,"2007-12-31"	,"322628.0825"	,
"越南"	,"对中国出口"	,"120055770"	,"2008-12-31"	,"433631.747"	,
"越南"	,"对中国出口"	,"120055770"	,"2009-12-31"	,"474752.76"	,
"越南"	,"对中国出口"	,"120055770"	,"2010-12-31"	,"698454.2"	,
"越南"	,"对中国出口"	,"120055770"	,"2011-12-31"	,"1111770.0164"	,
"越南"	,"对中国出口"	,"120055770"	,"2012-12-31"	,"1623129.4"	,
"越南"	,"对中国出口"	,"120055770"	,"2013-12-31"	,"1689189.3"	,
"越南"	,"对中国出口"	,"120055770"	,"2014-12-31"	,"1990639.7835"	,
"越南"	,"对中国出口"	,"120055770"	,"2015-12-31"	,"2983174.5"	,
"越南"	,"对中国出口"	,"120055770"	,"2016-12-31"	,"3717160.4"	,
"越南"	,"对中国出口"	,"120055770"	,"2017-12-31"	,"5037461.7"	,
"越南"	,"对中国出口"	,"120055770"	,"2018-12-31"	,"6395634.9"	,
"越南"	,"对中国出口"	,"120055770"	,"2019-12-31"	,"6411667.4838"	,
"越南"	,"对中国出口"	,"120055770"	,"2020-12-31"	,"7847442.5894"	,
"越南"	,"对中国出口"	,"120055770"	,"2021-12-31"	,"9231942"	,
"越南"	,"对中国出口"	,"120055770"	,"2022-12-31"	,"8794254"	,
"越南"	,"对中国出口"	,"120055770"	,"2023-12-31"	,"9218183.7813"	,
